City,Lat,Lng,Max_Temp,Humidity,Cloudiness,Wind_Speed,Country,Date
aanekoski,62.69,25.82,59.0,82,24,10.29,FI,1597551915
qaanaaq,77.48,-69.36,34.36,85,3,3.8,GL,1597551794
ushuaia,-54.8,-68.3,33.8,80,90,6.93,AR,1597551726
iqaluit,63.75,-68.51,46.4,93,90,19.46,CA,1597551730
vila velha,-20.33,-40.29,75.99,83,75,3.36,BR,1597551916
new norfolk,-42.78,147.06,55.0,88,100,4.56,AU,1597551916
lopatino,52.62,45.81,52.27,82,87,13.91,RU,1597551917
punta arenas,-53.15,-70.92,33.8,86,78,35.57,CL,1597551730
cidreira,-30.18,-50.21,58.28,85,67,13.31,BR,1597551784
sorland,67.67,12.69,50.97,67,99,16.75,NO,1597551917
kloulklubed,7.04,134.26,84.2,74,75,9.17,PW,1597551818
atar,20.52,-13.05,96.04,26,1,5.64,MR,1597551918
johi,26.69,67.61,98.31,46,98,7.52,PK,1597551918
bambous virieux,-20.34,57.76,73.4,60,40,17.22,MU,1597551918
kapaa,22.08,-159.32,82.4,69,1,11.41,US,1597551766
san cristobal,7.77,-72.22,66.42,91,99,2.26,VE,1597551918
port elizabeth,-33.92,25.57,48.2,76,20,13.87,ZA,1597551769
san rafael,-34.62,-68.33,44.1,51,0,7.47,AR,1597551919
bua yai,15.59,102.43,80.17,75,100,13.09,TH,1597551919
butaritari,3.07,172.79,82.29,70,81,11.95,KI,1597551766
bredasdorp,-34.53,20.04,44.6,93,47,10.29,ZA,1597551920
tallahassee,30.44,-84.28,80.01,88,1,4.7,US,1597551768
puerto ayora,-0.74,-90.35,66.0,87,39,5.01,EC,1597551920
port blair,11.67,92.75,84.81,75,68,14.76,IN,1597551653
guerrero negro,27.98,-114.06,77.79,56,0,9.89,MX,1597551649
san patricio,19.22,-104.7,81.25,75,97,4.21,MX,1597551921
ancud,-41.87,-73.82,46.0,87,75,6.93,CL,1597551921
moose factory,51.26,-80.61,68.0,94,90,8.05,CA,1597551921
airai,-8.93,125.41,79.0,35,8,5.55,TL,1597551922
saint george,37.1,-113.58,98.6,9,1,3.36,US,1597551922
faya,18.39,42.45,66.2,63,67,4.59,SA,1597551835
havoysund,71.0,24.66,48.2,76,42,38.03,NO,1597551922
hermanus,-34.42,19.23,46.99,87,78,3.0,ZA,1597551922
busselton,-33.65,115.33,59.0,49,18,20.13,AU,1597551923
soledad,10.92,-74.76,80.6,88,40,9.17,CO,1597551923
hilo,19.73,-155.09,80.6,69,90,6.93,US,1597551724
ponta do sol,32.67,-17.1,71.6,64,40,14.99,PT,1597551923
sarana,56.48,57.73,50.61,94,100,8.68,RU,1597551924
behbahan,30.6,50.24,87.8,25,0,6.93,IR,1597551924
kodiak,57.79,-152.41,73.4,35,1,4.7,US,1597551837
hearst,49.68,-83.67,56.05,91,71,2.62,CA,1597551924
rikitea,-23.12,-134.97,71.2,76,0,15.57,PF,1597551770
catuday,16.29,119.81,83.05,73,46,6.96,PH,1597551925
chuy,-33.7,-53.46,44.56,69,0,9.1,UY,1597551785
iwanai,42.97,140.51,79.18,62,98,4.34,JP,1597551925
ola,59.58,151.28,63.07,59,54,4.34,RU,1597551926
vikulovo,56.82,70.61,62.42,65,77,11.1,RU,1597551926
albany,42.6,-73.97,68.0,67,81,5.08,US,1597551926
pevek,69.7,170.31,43.61,72,11,2.42,RU,1597551926
bluff,-46.6,168.33,48.99,74,49,4.0,NZ,1597551927
kursk,51.73,36.19,55.99,87,75,4.47,RU,1597551927
agudos,-22.47,-48.99,66.99,68,100,5.01,BR,1597551927
busayra,30.74,35.61,65.21,49,0,1.3,JO,1597551927
high level,58.52,-117.14,57.2,82,40,3.36,CA,1597551927
lavrentiya,65.58,-171.0,56.89,56,0,3.89,RU,1597551928
avarua,-21.21,-159.78,73.4,94,2,9.17,CK,1597551768
tignere,7.37,12.65,64.11,99,100,2.75,CM,1597551928
nannilam,10.88,79.61,88.59,50,100,11.48,IN,1597551929
mahebourg,-20.41,57.7,73.4,60,40,17.22,MU,1597551929
nerchinskiy zavod,51.31,119.61,67.93,71,77,4.99,RU,1597551929
zheleznodorozhnyy,55.75,38.0,59.0,93,68,2.17,RU,1597551929
castro,-24.79,-50.01,59.92,94,100,12.03,BR,1597551929
izalco,13.74,-89.67,73.0,95,99,2.44,SV,1597551930
jamestown,42.1,-79.24,66.2,82,1,5.82,US,1597551918
guangyuan,32.44,105.82,72.0,94,100,1.01,CN,1597551930
hirara,24.8,125.28,87.8,74,75,10.29,JP,1597551930
yablonovo,50.85,37.36,55.4,71,64,6.71,RU,1597551930
kaili,-3.46,120.21,72.21,91,100,0.74,ID,1597551931
amapa,1.0,-52.0,72.37,90,66,2.62,BR,1597551931
samarai,-10.62,150.67,77.59,72,20,12.66,PG,1597551931
hambantota,6.12,81.12,84.2,79,40,9.17,LK,1597551932
caravelas,-17.71,-39.25,71.26,94,50,4.18,BR,1597551932
todos santos,23.45,-110.22,82.0,78,0,3.58,MX,1597551932
dingle,11.0,122.67,86.0,75,78,6.6,PH,1597551932
urucara,-2.54,-57.76,80.73,57,75,2.33,BR,1597551932
carnarvon,-24.87,113.63,69.8,60,5,17.22,AU,1597551933
tasiilaq,65.61,-37.64,44.6,81,100,13.87,GL,1597551770
acoua,-12.72,45.06,77.0,83,75,11.41,YT,1597551933
reconquista,-29.15,-59.65,46.42,60,0,4.05,AR,1597551933
meadow lake,34.8,-106.54,77.0,41,20,6.93,US,1597551933
bandarbeyla,9.49,50.81,76.68,67,99,30.36,SO,1597551772
kassala,15.45,36.4,79.14,64,98,15.73,SD,1597551934
saint-philippe,-21.36,55.77,71.6,49,20,4.7,RE,1597551934
piacabucu,-10.41,-36.43,72.86,88,0,5.77,BR,1597551934
aguimes,27.91,-15.45,71.6,78,20,25.28,ES,1597551935
igarka,67.47,86.58,65.59,53,48,16.49,RU,1597551935
nanortalik,60.14,-45.24,41.77,80,80,8.61,GL,1597551935
thompson,55.74,-97.86,55.4,82,20,6.93,CA,1597551797
sault sainte marie,46.52,-84.33,64.4,88,20,9.17,CA,1597551815
dikson,73.51,80.55,43.5,88,22,2.89,RU,1597551786
vaini,-21.2,-175.2,71.6,68,40,14.99,TO,1597551742
cape town,-33.93,18.42,46.99,93,20,6.93,ZA,1597551689
sur,22.57,59.53,85.55,63,92,12.28,OM,1597551834
kangaatsiaq,68.31,-53.46,41.38,75,0,3.71,GL,1597551937
mataura,-46.19,168.86,48.99,74,27,4.0,NZ,1597551776
palmer,42.16,-72.33,62.6,88,1,3.36,US,1597551937
ribeira grande,38.52,-28.7,73.47,85,36,18.54,PT,1597551938
kaitangata,-46.28,169.85,46.99,78,67,8.01,NZ,1597551731
sao filipe,14.9,-24.5,77.9,85,13,8.19,CV,1597551938
norman wells,65.28,-126.83,59.0,77,75,10.29,CA,1597551775
guarda,40.54,-7.27,48.0,87,18,3.33,PT,1597551939
egvekinot,66.32,-179.17,57.16,56,65,8.72,RU,1597551939
tucuman,-26.82,-65.22,46.4,81,0,3.36,AR,1597551939
fukue,32.69,128.84,87.8,79,75,8.05,JP,1597551939
bethel,41.37,-73.41,66.99,77,75,5.82,US,1597551794
bubaque,11.28,-15.83,78.85,85,100,7.25,GW,1597551940
bathsheba,13.22,-59.52,82.4,78,40,6.93,BB,1597551940
tiznit,29.58,-9.5,70.02,27,0,1.7,MA,1597551940
port pirie,-33.18,138.02,57.2,82,51,10.29,AU,1597551940
georgetown,5.41,100.34,89.6,66,20,4.7,MY,1597551930
oytal,42.91,73.27,87.13,19,6,3.87,KZ,1597551941
saldanha,-33.01,17.94,42.8,93,5,3.36,ZA,1597551941
alofi,-19.06,-169.92,75.2,64,0,10.29,NU,1597551941
magadan,59.57,150.8,61.52,65,80,4.65,RU,1597551942
atuona,-9.8,-139.03,78.24,74,21,13.42,PF,1597551776
cordele,31.96,-83.78,75.2,94,1,7.0,US,1597551942
hobart,-42.88,147.33,55.4,82,75,11.41,AU,1597551729
balkanabat,39.51,54.37,79.99,37,12,4.32,TM,1597551942
rosetta,31.4,30.42,78.8,83,20,8.05,EG,1597551942
gat,31.61,34.76,75.99,85,0,4.88,IL,1597551758
nabire,-3.37,135.48,87.17,60,11,5.32,ID,1597551653
hithadhoo,-0.6,73.08,83.48,71,17,4.97,MV,1597551943
castle douglas,54.94,-3.93,60.01,93,86,3.0,GB,1597551943
ejido,8.55,-71.24,66.31,62,82,5.86,VE,1597551943
khartoum,15.55,32.53,84.2,66,66,10.29,SD,1597551944
provideniya,64.38,-173.3,57.25,59,2,9.71,RU,1597551743
mar del plata,-38.0,-57.56,43.0,64,0,5.82,AR,1597551786
paamiut,61.99,-49.67,44.19,73,0,4.97,GL,1597551944
saskylakh,71.92,114.08,64.02,39,21,9.71,RU,1597551944
kruisfontein,-34.0,24.73,45.0,70,10,1.99,ZA,1597551792
geraldton,-28.77,114.6,62.6,55,75,21.92,AU,1597551945
buchanan,5.88,-10.05,75.07,84,93,12.39,LR,1597551945
tuktoyaktuk,69.45,-133.04,50.0,71,90,6.93,CA,1597551945
tanabe,33.73,135.37,93.2,56,20,18.34,JP,1597551945
saint-joseph,-21.37,55.62,71.6,49,20,4.7,RE,1597551946
hualmay,-11.1,-77.61,58.06,85,25,10.0,PE,1597551776
umm lajj,25.02,37.27,84.18,65,73,3.18,SA,1597551946
east london,-33.02,27.91,50.0,71,9,16.11,ZA,1597551946
colesberg,-30.72,25.1,31.5,96,0,9.35,ZA,1597551946
nikolskoye,59.7,30.79,62.6,93,40,8.95,RU,1597551947
purpe,64.48,76.69,54.0,94,100,11.7,RU,1597551947
arraial do cabo,-22.97,-42.03,72.55,78,56,8.7,BR,1597551947
conceicao do araguaia,-8.26,-49.26,75.96,41,52,1.63,BR,1597551947
thessalon,46.25,-83.57,66.2,93,90,4.72,CA,1597551948
kahului,20.89,-156.47,84.2,54,1,21.92,US,1597551872
kavieng,-2.57,150.8,84.38,67,13,3.62,PG,1597551948
fortuna,40.6,-124.16,66.99,67,0,1.79,US,1597551948
ilulissat,69.22,-51.1,37.4,69,0,4.7,GL,1597551949
victoria,22.29,114.16,91.0,59,89,8.99,HK,1597551670
sitka,57.05,-135.33,55.4,93,90,6.93,US,1597551775
krasnoselkup,65.7,82.47,62.62,76,100,13.71,RU,1597551950
broome,42.25,-75.83,68.0,82,90,9.17,US,1597551950
marsh harbour,26.54,-77.06,83.08,73,0,8.57,BS,1597551950
grand gaube,-20.01,57.66,73.0,65,74,7.0,MU,1597551950
tiruchchendur,8.48,78.12,87.8,58,20,13.87,IN,1597551951
okha,53.57,142.95,58.86,80,84,16.89,RU,1597551951
batagay-alyta,67.8,130.41,41.97,67,96,3.02,RU,1597551951
dhidhdhoo,6.88,73.1,82.8,73,97,6.96,MV,1597551951
maryborough,-25.53,152.7,71.31,39,0,8.28,AU,1597551951
avera,33.19,-82.53,73.4,85,75,3.36,US,1597551952
chokurdakh,70.63,147.92,43.07,71,94,10.22,RU,1597551846
tawang,27.58,91.87,71.53,51,10,6.67,IN,1597551952
severo-kurilsk,50.68,156.12,54.57,79,100,6.64,RU,1597551793
nemuro,43.32,145.57,73.4,83,75,6.93,JP,1597551952
aneho,6.23,1.6,75.2,94,20,5.82,TG,1597551953
hasaki,35.73,140.83,93.0,66,40,14.99,JP,1597551953
lata,40.16,-8.33,61.0,86,28,1.39,PT,1597551953
lebu,-37.62,-73.65,43.81,73,31,7.74,CL,1597551954
chastyye,57.29,54.97,54.27,78,74,11.39,RU,1597551954
manuk mangkaw,4.8,119.85,84.36,68,5,6.53,PH,1597551954
port alfred,-33.59,26.89,49.84,69,72,18.01,ZA,1597551748
hamilton,39.18,-84.53,75.0,94,40,2.82,US,1597551955
jingdezhen,29.29,117.21,94.8,51,0,4.68,CN,1597551955
simpang,-1.27,104.08,89.08,57,3,5.06,ID,1597551955
taltal,-25.4,-70.48,51.03,73,33,1.28,CL,1597551955
jacmel,18.23,-72.53,79.32,81,39,2.06,HT,1597551956
khatanga,71.97,102.5,68.27,45,0,4.38,RU,1597551846
nieuw nickerie,5.95,-56.98,80.01,83,76,8.66,SR,1597551956
rocha,-34.48,-54.33,42.48,65,0,8.23,UY,1597551956
cherskiy,68.75,161.3,56.62,43,89,1.59,RU,1597551956
kimbe,-5.55,150.14,83.03,80,67,4.29,PG,1597551867
luyang,27.62,110.1,90.61,51,4,8.25,CN,1597551957
portland,45.52,-122.68,87.01,45,1,3.04,US,1597551911
kiama,-34.68,150.87,62.01,60,91,24.0,AU,1597551957
constitucion,-35.33,-72.42,44.65,62,2,8.55,CL,1597551957
kavaratti,10.57,72.64,84.2,79,20,6.93,IN,1597551958
wanaka,-44.7,169.15,47.46,53,58,0.96,NZ,1597551958
taksimo,56.34,114.88,60.82,55,61,4.34,RU,1597551958
tuatapere,-46.13,167.68,48.99,74,45,4.0,NZ,1597551767
yumen,40.28,97.2,78.28,17,96,13.2,CN,1597551959
west richland,46.3,-119.36,84.0,30,1,5.08,US,1597551959
gombe,10.29,11.17,72.34,89,52,5.46,NG,1597551959
walvis bay,-22.96,14.51,46.99,87,0,4.7,NA,1597551678
opuwo,-18.06,13.84,51.53,57,0,3.51,NA,1597551960
salekhard,66.53,66.6,52.03,58,12,4.16,RU,1597551846
torbay,47.67,-52.73,48.0,93,5,4.7,CA,1597551960
novo aripuana,-5.12,-60.38,78.53,48,25,1.77,BR,1597551960
fort nelson,58.81,-122.7,62.6,67,75,4.7,CA,1597551961
yurty,56.05,97.63,67.32,46,4,10.42,RU,1597551961
aklavik,68.22,-135.01,50.0,76,90,2.24,CA,1597551851
los llanos de aridane,28.66,-17.92,73.99,73,75,13.87,ES,1597551962
obama,35.5,135.75,98.01,60,100,1.99,JP,1597551962
paita,-5.09,-81.11,61.79,85,37,8.55,PE,1597551963
waingapu,-9.66,120.26,85.93,53,0,10.54,ID,1597551964
lethem,3.38,-59.8,76.24,84,25,4.56,GY,1597551809
dauphin,51.15,-100.05,55.4,82,1,8.05,CA,1597551964
kambia,9.12,-12.92,74.07,96,100,1.99,SL,1597551965
aden,12.78,45.04,84.04,77,83,6.53,YE,1597551862
mareeba,-17.0,145.43,87.01,22,0,14.0,AU,1597551965
eureka,40.8,-124.16,66.99,76,0,1.88,US,1597551965
marsala,37.8,12.44,84.0,83,0,4.7,IT,1597551965
ylivieska,64.08,24.55,59.0,79,0,8.01,FI,1597551966
shahrud,36.42,54.98,71.08,47,0,14.54,IR,1597551966
harper,4.38,-7.72,74.77,80,72,10.16,LR,1597551822
ayagoz,47.97,80.44,71.64,25,0,11.74,KZ,1597551966
tambo grande,-4.93,-80.34,64.65,73,20,3.91,PE,1597551967
southbridge,42.08,-72.03,62.01,92,65,3.29,US,1597551967
ahipara,-35.17,173.17,56.32,62,100,7.05,NZ,1597551796
pauini,-7.71,-66.98,78.17,64,82,1.99,BR,1597551864
senador jose porfirio,-2.59,-51.95,79.45,67,89,3.96,BR,1597551968
bengkulu,-3.8,102.27,85.24,62,6,3.78,ID,1597551968
fez,34.04,-5.0,62.6,82,21,4.7,MA,1597551893
lampa,-33.28,-70.9,45.0,73,0,1.61,CL,1597551969
scarborough,54.28,-0.4,57.99,94,99,1.99,GB,1597551969
pisco,-13.7,-76.22,57.99,87,40,3.36,PE,1597551969
kaduqli,11.02,29.72,74.12,86,82,2.17,SD,1597551969
nanakuli,21.39,-158.15,84.2,54,1,9.17,US,1597551969
fandriana,-20.23,47.38,50.65,52,0,2.53,MG,1597551970
cabo san lucas,22.89,-109.91,84.0,75,0,1.99,MX,1597551919
pitanga,-24.76,-51.76,60.28,98,100,7.78,BR,1597551970
lukulu,-14.37,23.24,52.77,42,24,3.96,ZM,1597551970
chapais,49.78,-74.85,62.6,72,40,8.05,CA,1597551970
asyut,27.18,31.18,75.2,50,0,8.05,EG,1597551971
matagami,49.75,-77.63,62.6,67,1,6.85,CA,1597551971
noumea,-22.28,166.46,77.0,61,38,5.82,NC,1597551971
vila franca do campo,37.72,-25.43,73.4,83,40,12.75,PT,1597551971
praia da vitoria,38.73,-27.07,71.6,83,20,11.88,PT,1597551971
cockburn town,21.46,-71.14,83.08,81,60,17.92,TC,1597551972
khoy,38.55,44.95,65.52,59,13,2.59,IR,1597551972
broken hill,-31.95,141.43,57.2,50,40,10.29,AU,1597551972
itoman,26.12,127.67,91.0,66,40,10.29,JP,1597551972
marawi,8.0,124.29,86.0,76,47,5.99,PH,1597551972
belyy yar,53.6,91.39,66.2,88,40,11.18,RU,1597551973
gombong,-7.61,109.51,85.86,66,47,6.64,ID,1597551973
buala,-8.14,159.59,83.05,67,32,0.72,SB,1597551973
krasnovka,48.82,40.09,56.7,65,70,7.16,RU,1597551973
quebec,46.81,-71.21,66.0,77,5,9.17,CA,1597551725
hobyo,5.35,48.53,76.75,72,100,23.33,SO,1597551974
ostrovnoy,68.05,39.51,52.43,90,100,22.28,RU,1597551974
bonney lake,47.18,-122.19,75.0,68,1,2.44,US,1597551974
terney,45.05,136.61,75.83,62,30,8.41,RU,1597551975
rantepao,-2.97,119.9,76.86,65,99,2.93,ID,1597551942
leningradskiy,69.38,178.42,49.91,68,37,12.84,RU,1597551975
yeppoon,-23.13,150.73,77.0,25,0,10.29,AU,1597551975
acaponeta,22.5,-105.36,78.24,88,32,1.57,MX,1597551975
port hedland,-20.32,118.57,78.8,57,0,18.34,AU,1597551976
sibolga,1.74,98.78,85.69,63,7,4.97,ID,1597551976
torrijos,39.98,-4.28,70.0,39,26,2.75,ES,1597551976
coihaique,-45.58,-72.07,46.4,83,91,13.87,CL,1597551976
trelew,-43.25,-65.31,46.51,53,60,25.55,AR,1597551976
faanui,-16.48,-151.75,78.37,80,90,15.97,PF,1597551977
lompoc,34.64,-120.46,69.8,68,1,5.82,US,1597551792
lagoa,39.05,-27.98,73.27,87,45,23.11,PT,1597551807
lakatoro,-16.1,167.42,78.8,78,75,11.41,VU,1597551977
tangping,22.03,111.93,87.01,70,70,6.62,CN,1597551977
kalispell,48.2,-114.31,73.0,59,1,2.1,US,1597551978
choachi,4.53,-73.92,48.2,93,20,6.93,CO,1597551978
waddan,29.16,16.14,72.37,41,0,0.34,LY,1597551978
seminole,28.71,-81.21,80.6,78,1,4.7,US,1597551978
upernavik,72.79,-56.15,40.82,78,38,12.64,GL,1597551786
birjand,32.87,59.22,82.4,13,0,9.17,IR,1597551979
isangel,-19.55,169.27,75.2,64,90,11.41,VU,1597551979
da nang,16.07,108.22,93.2,49,20,10.29,VN,1597551979
port hardy,50.7,-127.42,69.8,73,20,4.7,CA,1597551794
lajeado,-29.47,-51.96,55.99,97,84,3.71,BR,1597551979
tete,-16.16,33.59,57.2,62,0,1.36,MZ,1597551980
storsteinnes,69.24,19.23,48.2,81,100,27.51,NO,1597551980
yellowknife,62.46,-114.35,57.2,58,75,4.7,CA,1597551730
flin flon,54.77,-101.86,52.79,72,43,9.1,CA,1597551980
misratah,32.38,15.09,81.36,52,0,4.92,LY,1597551981
abbotsford,49.06,-122.25,73.4,69,5,5.82,CA,1597551874
carutapera,-1.2,-46.02,77.54,84,34,8.05,BR,1597551981
anadyr,64.75,177.48,59.0,58,50,13.42,RU,1597551981
havre-saint-pierre,50.23,-63.6,50.0,93,1,2.24,CA,1597551982
luderitz,-26.65,15.16,54.82,67,0,22.59,NA,1597551982
abrau-dyurso,44.69,37.59,60.8,59,0,11.18,RU,1597551982
panaba,21.28,-88.27,77.05,92,1,5.03,MX,1597551982
oranjemund,-28.55,16.43,51.04,79,1,10.18,NA,1597551982
orahovac,42.4,20.65,60.8,87,40,1.12,XK,1597551983
acarau,-2.89,-40.12,76.82,80,21,15.75,BR,1597551983
taoudenni,22.68,-3.98,99.32,11,0,7.76,ML,1597551787
voznesenskoye,54.89,42.76,52.18,78,0,5.64,RU,1597551983
aykhal,66.0,111.5,60.8,38,0,4.47,RU,1597551983
greeley,40.42,-104.71,75.99,65,0,5.17,US,1597551984
arinos,-15.92,-46.11,66.61,53,0,1.68,BR,1597551984
obo,5.4,26.49,67.71,98,94,2.57,CF,1597551853
grande prairie,55.17,-118.8,62.6,88,75,6.93,CA,1597551736
nouakchott,18.09,-15.98,80.85,76,58,14.12,MR,1597551820
half moon bay,37.46,-122.43,84.2,72,1,4.7,US,1597551821
lorengau,-2.02,147.27,86.16,64,10,7.83,PG,1597551985
boa vista,2.82,-60.67,82.4,74,75,13.87,BR,1597551985
san blas,21.52,-105.27,81.01,83,68,2.64,MX,1597551985
el tigre,8.89,-64.25,76.77,83,18,10.22,VE,1597551985
otaki,-40.76,175.15,54.0,58,22,1.01,NZ,1597551986
yulara,-25.24,130.99,80.6,14,0,12.75,AU,1597551986
tema,5.67,-0.02,75.2,94,20,10.29,GH,1597551986
kupang,-10.17,123.58,91.4,43,20,8.05,ID,1597551986
sobolevo,54.43,31.9,56.5,93,56,5.66,RU,1597551986
maniitsoq,65.42,-52.9,45.54,65,0,8.88,GL,1597551987
hay river,60.82,-115.8,50.0,87,40,5.82,CA,1597551987
pala,9.36,14.9,71.49,95,93,5.01,TD,1597551987
rio gallegos,-51.62,-69.22,33.8,74,59,26.4,AR,1597551922
seddon,-37.81,144.89,57.2,82,75,16.11,AU,1597551988
saint-paul-les-dax,43.73,-1.05,64.4,88,26,3.36,FR,1597551988
ouadda,8.08,22.4,67.86,95,100,2.53,CF,1597551988
biltine,14.53,20.92,77.0,80,32,6.24,TD,1597551988
longyearbyen,78.22,15.64,42.8,87,75,2.24,SJ,1597551988
galle,6.04,80.22,81.84,77,89,9.44,LK,1597551862
saint-augustin,51.23,-58.65,58.41,68,76,7.23,CA,1597551849
tchaourou,8.89,2.6,69.46,98,91,4.54,BJ,1597551989
padang,-0.95,100.35,82.04,70,98,1.86,ID,1597551989
salinopolis,-0.61,-47.36,79.47,82,38,12.5,BR,1597551990
iskandar,41.55,69.7,84.2,25,68,2.24,UZ,1597551990
codrington,-38.27,141.97,56.82,77,0,12.97,AU,1597551990
gornyy,55.12,83.91,60.42,83,96,3.53,RU,1597551990
mehamn,71.04,27.85,48.94,73,48,19.04,NO,1597551990
motupe,-6.15,-79.71,62.01,82,71,1.7,PE,1597551991
novopokrovka,49.84,36.55,53.6,81,34,4.47,UA,1597551991
mount gambier,-37.83,140.77,55.4,76,75,10.29,AU,1597551991
bangui,4.36,18.55,77.0,94,40,3.36,CF,1597551991
ulaanbaatar,47.91,106.88,59.0,93,40,4.47,MN,1597551831
along,28.17,94.77,78.76,88,99,1.95,IN,1597551992
arona,28.1,-16.68,73.0,73,20,11.41,ES,1597551992
san juan,-31.54,-68.54,47.8,43,0,6.2,AR,1597551992
karratha,-20.74,116.85,77.9,53,9,11.21,AU,1597551992
berdigestyakh,62.1,126.7,53.67,46,88,7.02,RU,1597551993
namibe,-15.2,12.15,59.02,89,16,4.34,AO,1597551993
mosquera,4.71,-74.23,48.2,93,20,6.93,CO,1597551844
mahon,39.89,4.27,77.0,83,20,6.93,ES,1597551993
tezu,27.92,96.17,76.87,86,100,1.81,IN,1597551994
tambilil,5.96,124.67,84.61,71,50,5.26,PH,1597551994
acajutla,13.59,-89.83,73.0,96,86,9.01,SV,1597551994
tokmak,47.25,35.71,59.58,53,20,5.48,UA,1597551787
cuamba,-14.8,36.54,60.26,64,3,3.76,MZ,1597551995
punalur,9.0,76.93,86.0,74,40,5.82,IN,1597551995
atambua,-9.11,124.89,86.34,38,5,0.72,ID,1597551771
coari,-4.08,-63.14,81.43,51,99,1.39,BR,1597551995
esmeralda,21.85,-78.12,80.6,94,2,9.17,CU,1597551996
bereda,43.27,-7.54,57.0,93,77,7.0,ES,1597551996
eregli,37.51,34.05,58.86,47,0,1.45,TR,1597551996
wajid,3.81,43.25,71.49,70,26,19.06,SO,1597551996
inta,66.03,60.17,56.75,56,86,4.85,RU,1597551996
karasjok,69.47,25.51,44.6,75,98,44.96,NO,1597551997
nuristan,35.3,70.83,57.79,36,0,2.55,AF,1597551997
taywarah,33.35,64.42,71.73,19,0,5.75,AF,1597551997
esperance,-33.87,121.9,62.6,59,40,28.86,AU,1597551997
souillac,-20.52,57.52,73.4,60,40,17.22,MU,1597551796
tongren,27.72,109.19,88.57,57,11,9.1,CN,1597551998
canyon lake,29.88,-98.26,88.0,66,50,15.99,US,1597551998
road town,18.42,-64.62,82.0,93,1,1.01,VG,1597551998
zhangye,38.93,100.45,69.69,39,100,15.43,CN,1597551999
henties bay,-22.12,14.28,46.99,88,0,2.26,NA,1597551999
mana,5.66,-53.78,78.48,83,77,5.77,GF,1597551999
lokot,52.56,34.58,54.36,87,87,5.82,RU,1597551999
cam ranh,11.92,109.16,91.4,66,0,9.17,VN,1597551999
ixtapa,20.7,-105.2,84.2,79,75,3.36,MX,1597551824
launceston,-41.45,147.17,57.99,71,75,23.04,AU,1597552000
aswan,24.09,32.91,84.25,22,0,9.73,EG,1597552000
guatire,10.48,-66.54,73.99,85,98,2.3,VE,1597552000
galeana,24.83,-100.07,63.84,67,24,2.15,MX,1597552001
cooma,-36.23,149.13,51.8,62,90,29.97,AU,1597552001
vao,-22.67,167.48,70.2,77,9,17.31,NC,1597552001
komsomolskiy,40.43,71.72,87.8,18,3,4.7,UZ,1597552001
sao joao da barra,-21.64,-41.05,71.92,88,22,9.53,BR,1597551759
alice springs,-23.7,133.88,82.4,15,0,17.22,AU,1597551722
isernia,41.6,14.24,72.0,88,0,3.0,IT,1597552002
port-gentil,-0.72,8.78,74.82,87,96,11.77,GA,1597552002
churapcha,62.0,132.43,64.8,31,13,6.13,RU,1597552002
marzuq,14.4,46.47,79.99,59,78,5.44,YE,1597552002
mattawa,46.74,-119.9,80.6,56,1,3.36,US,1597552003
normal,40.51,-88.99,71.6,78,90,11.41,US,1597551891
muli,2.92,73.57,83.07,66,97,2.98,MV,1597552003
lebyazhye,55.27,66.49,61.3,87,100,8.7,RU,1597552003
macapa,0.04,-51.07,82.4,88,40,8.05,BR,1597552003
ningbo,29.88,121.55,96.8,47,0,13.42,CN,1597552004
pakokku,21.33,95.1,80.74,75,100,19.84,MM,1597552004
mweka,-4.85,21.57,71.92,73,78,2.46,CD,1597552004
sabang,5.89,95.32,83.55,72,11,6.67,ID,1597552004
kankan,10.39,-9.31,68.83,95,99,3.96,GN,1597552005
maldonado,-34.67,-54.92,51.01,43,0,16.11,UY,1597552005
monze,-16.28,27.48,53.87,55,24,2.73,ZM,1597552005
adrar,20.5,-10.07,98.91,17,74,7.67,MR,1597551826
conde,-7.26,-34.91,73.4,94,75,2.24,BR,1597552005
buta,2.79,24.73,69.87,98,100,2.17,CD,1597552006
coquimbo,-29.95,-71.34,46.4,87,0,4.7,CL,1597551802
kirakira,-10.45,161.92,82.24,77,72,3.85,SB,1597552006
batagay,67.63,134.63,43.93,59,99,6.17,RU,1597552007
poum,-20.23,164.02,72.7,86,100,19.37,NC,1597552007
bluefields,12.01,-83.76,78.01,91,100,2.42,NI,1597552007
luganville,-15.53,167.17,78.8,78,75,11.41,VU,1597552007
port lincoln,-34.73,135.87,57.15,59,86,8.95,AU,1597552008
mehnagar,25.88,83.12,86.0,74,75,5.82,IN,1597552008
shalakusha,62.22,40.25,56.48,90,85,7.14,RU,1597552008
sarkand,45.41,79.92,80.08,22,0,7.4,KZ,1597552008
sembe,1.65,14.58,70.52,94,100,4.27,CG,1597552008
luanda,-8.84,13.23,69.8,94,75,4.7,AO,1597551802
awjilah,29.11,21.29,73.63,46,0,6.98,LY,1597552009
irbit,57.67,63.07,51.85,87,100,14.92,RU,1597552009
basoko,1.24,23.62,72.07,94,100,3.62,CD,1597552009
kerema,-7.96,145.78,79.5,78,63,8.12,PG,1597552009
vodyane,47.49,34.49,60.01,61,20,5.35,UA,1597552010
nome,64.5,-165.41,66.0,76,1,17.22,US,1597551792
leopold,-38.18,144.47,61.0,77,40,17.22,AU,1597552010
berbera,10.44,45.01,89.44,45,97,16.75,SO,1597552010
clearlake,38.96,-122.63,87.01,35,38,4.07,US,1597552011
kantang,7.41,99.52,89.6,66,20,3.36,TH,1597552011
kurilsk,45.23,147.88,59.23,92,100,7.56,RU,1597552011
cabedelo,-6.98,-34.83,73.4,94,75,2.24,BR,1597552011
itarema,-2.92,-39.92,77.11,78,21,15.28,BR,1597551808
bilma,18.69,12.92,85.53,17,67,5.5,NE,1597552012
iskateley,67.68,53.15,54.16,60,100,20.2,RU,1597552012
hyeres,43.12,6.12,69.01,88,0,2.24,FR,1597552012
dudinka,69.41,86.18,68.0,42,92,20.13,RU,1597552012
muscle shoals,34.74,-87.67,78.8,74,1,5.61,US,1597551908
troitsko-pechorsk,62.71,56.2,54.79,61,57,4.43,RU,1597552013
acapulco,16.86,-99.89,81.21,76,0,2.37,MX,1597551828
hornepayne,49.21,-84.77,56.03,72,17,4.68,CA,1597552014
ballater,57.05,-3.04,52.0,97,100,1.99,GB,1597552014
abu zabad,12.35,29.25,74.71,79,73,8.21,SD,1597552014
kampong cham,11.99,105.46,87.84,64,98,3.31,KH,1597552014
banepa,27.63,85.52,77.0,83,75,2.24,NP,1597552014
lanigan,51.85,-105.03,62.24,64,77,8.75,CA,1597552015
yerbogachen,61.28,108.01,59.49,47,10,7.16,RU,1597552015
bouca,6.51,18.27,70.09,96,100,1.07,CF,1597552015
hovd,48.01,91.64,54.1,69,100,9.01,MN,1597551899
bukene,-4.23,32.88,58.5,66,54,4.97,TZ,1597552016
ailigandi,9.23,-78.02,78.89,81,100,4.61,PA,1597552016
komsomolets,53.75,62.07,60.69,83,96,9.57,KZ,1597552016
varhaug,58.61,5.65,59.0,99,2,2.89,NO,1597552016
sokoni,-6.43,39.55,75.2,83,40,9.17,TZ,1597552016
karpogory,64.0,44.45,56.8,79,100,10.0,RU,1597552017
college,64.86,-147.8,69.8,52,40,3.36,US,1597552017
kaputa,-8.47,29.66,64.06,51,18,1.9,ZM,1597552017
port augusta,-32.5,137.77,59.0,82,55,10.29,AU,1597552017
san policarpo,12.18,125.51,83.44,77,76,7.47,PH,1597552017
hofn,64.25,-15.21,52.36,80,100,6.64,IS,1597552018
quesnel,53.0,-122.5,60.8,93,1,2.24,CA,1597552018
tamandare,-8.76,-35.1,73.85,89,84,6.8,BR,1597552018
mumford,5.26,-0.76,72.9,93,24,7.81,GH,1597552018
umm kaddadah,13.6,26.69,77.99,71,100,14.92,SD,1597552018
alta floresta,-9.88,-56.09,79.79,39,79,0.47,BR,1597552019
marfino,55.7,37.38,59.0,93,97,4.47,RU,1597552019
mardin,37.31,40.74,87.8,23,0,13.87,TR,1597552019
ouango,4.31,22.56,71.37,96,100,1.43,CF,1597552019
vardo,70.37,31.11,47.64,76,98,18.88,NO,1597551787
vilhena,-12.74,-60.15,73.51,40,52,3.65,BR,1597552020
hami,42.8,93.45,82.02,18,0,10.07,CN,1597552020
planadas,3.2,-75.65,67.3,76,98,3.4,CO,1597552020
makakilo city,21.35,-158.09,84.2,54,1,9.17,US,1597551812
olhao,37.03,-7.84,66.2,72,0,11.41,PT,1597552021
wenling,28.37,121.36,91.0,47,1,10.42,CN,1597552021
acheng,45.55,126.98,82.4,54,40,6.71,CN,1597552022
champerico,14.3,-91.92,79.41,85,79,9.04,GT,1597552022
leshukonskoye,64.9,45.76,55.78,75,100,10.85,RU,1597552022
bagdarin,54.43,113.6,56.1,75,95,2.82,RU,1597552023
gazanjyk,39.24,55.52,76.37,45,45,7.18,TM,1597552023
challans,46.84,-1.87,59.0,93,90,2.24,FR,1597552024
vostok,46.49,135.88,73.29,53,0,11.32,RU,1597552024
margate,51.38,1.39,68.0,99,89,1.99,GB,1597551819
uyemskiy,64.47,40.85,59.0,93,90,6.71,RU,1597552025
yenagoa,4.92,6.26,73.47,91,0,3.74,NG,1597551733
miracema do tocantins,-9.56,-48.4,77.47,36,70,3.0,BR,1597552026
bud,39.45,-86.18,75.0,94,75,4.07,US,1597552026
shingu,33.73,135.98,93.2,56,20,18.34,JP,1597552026
port moresby,-9.44,147.18,87.8,45,20,11.41,PG,1597552027
gbarnga,7.0,-9.47,69.49,98,94,3.22,LR,1597552027
zambezi,-13.54,23.1,51.93,43,53,3.91,ZM,1597552027
ekhabi,53.51,142.97,59.38,78,82,16.82,RU,1597552027
maneadero,31.72,-116.57,71.01,89,99,1.01,MX,1597551865
aksarka,66.56,67.8,51.67,62,51,6.69,RU,1597552028
paciran,-6.88,112.38,86.13,63,17,5.77,ID,1597552028
dobryanka,58.46,56.42,55.4,76,75,11.18,RU,1597552028
tura,25.52,90.22,82.38,78,69,7.7,IN,1597552028
kajaani,64.23,27.73,59.0,67,0,19.46,FI,1597552029
santiago del estero,-27.8,-64.26,51.89,42,20,5.79,AR,1597552029
vanavara,60.34,102.28,60.85,41,4,7.87,RU,1597552029
kalmunai,7.42,81.82,85.17,60,80,2.64,LK,1597552029
abnub,27.27,31.15,75.2,50,0,8.05,EG,1597552030
robertsport,6.75,-11.37,76.14,86,100,16.93,LR,1597552030
tazovskiy,67.47,78.7,50.95,95,100,10.94,RU,1597552030
oxapampa,-10.58,-75.4,58.46,87,50,2.57,PE,1597552030
te anau,-45.42,167.72,45.93,69,87,0.69,NZ,1597552031
meulaboh,4.14,96.13,85.78,67,49,4.61,ID,1597552031
holme,56.11,10.17,62.01,93,90,3.02,DK,1597552031
dongzhen,22.38,110.94,90.0,51,18,7.61,CN,1597552031
palapag,12.55,125.11,84.61,79,46,3.6,PH,1597552031
santa cruz del sur,20.71,-78.0,79.38,88,27,14.47,CU,1597552032
naze,28.37,129.48,89.6,70,40,9.17,JP,1597552032
luena,-11.78,19.92,51.15,43,10,2.66,AO,1597552032
iowa city,41.66,-91.53,66.0,77,1,4.7,US,1597551782
nisporeni,47.08,28.18,68.0,68,55,5.82,MD,1597552033
caldwell,43.66,-116.69,80.6,30,1,5.12,US,1597551975
el bagre,7.59,-74.81,75.24,94,100,0.54,CO,1597552033
mangan,27.52,88.53,84.94,49,79,4.88,IN,1597552034
zhukovka,53.53,33.73,57.2,87,75,4.47,RU,1597552034
novyy urengoy,66.08,76.63,51.13,88,100,12.12,RU,1597551958
skagen,57.72,10.58,66.0,88,0,3.0,DK,1597552034
sao jose da coroa grande,-8.9,-35.15,73.87,89,78,6.78,BR,1597552034
kenai,60.55,-151.26,75.2,33,1,12.75,US,1597552035
yagodnoye,62.55,149.67,62.58,36,3,8.46,RU,1597552035
ponta delgada,37.73,-25.67,73.4,83,40,12.75,PT,1597552035
bojnurd,37.47,57.33,66.2,72,75,6.93,IR,1597551826
vestmannaeyjar,63.44,-20.27,52.63,93,70,8.34,IS,1597552036
la paz,-16.5,-68.15,39.2,86,40,4.7,BO,1597551875
eyl,7.98,49.82,76.82,65,75,27.27,SO,1597552036
maykor,59.01,55.88,51.55,85,100,9.17,RU,1597552036
aleysk,52.49,82.78,67.69,61,0,7.05,RU,1597552037
jadu,31.95,12.03,75.88,37,0,7.0,LY,1597552037
emilio carranza,19.97,-96.61,78.87,77,63,4.23,MX,1597552037
flinders,-34.58,150.86,62.01,59,91,15.99,AU,1597552037
rupert,42.62,-113.68,69.8,43,1,9.17,US,1597552038
hervey bay,-25.3,152.85,75.2,31,0,14.99,AU,1597552038
rio grande,-32.03,-52.1,50.0,74,0,10.13,BR,1597551804
puerto madero,14.72,-92.42,79.7,84,89,11.36,MX,1597552038
oranjestad,12.52,-70.03,84.2,74,20,14.99,AW,1597551926
turukhansk,65.82,87.98,70.07,40,6,15.14,RU,1597551867
dagda,56.1,27.54,57.61,89,1,4.99,LV,1597552039
okhotsk,59.38,143.3,60.48,75,100,6.06,RU,1597551815
byron bay,-28.65,153.62,73.0,40,0,17.22,AU,1597552040
nuuk,64.18,-51.72,42.8,81,0,10.29,GL,1597552041
colombo,6.93,79.85,82.4,83,75,5.82,LK,1597552041
okato,-39.2,173.88,55.0,46,0,1.01,NZ,1597552041
bonthe,7.53,-12.51,75.24,93,100,12.26,SL,1597552041
sakaiminato,35.55,133.23,93.2,49,20,17.22,JP,1597552042
nacala,-14.54,40.67,66.85,91,17,4.18,MZ,1597552042
fairbanks,64.84,-147.72,69.8,37,20,9.17,US,1597551756
tiarei,-17.53,-149.33,80.6,65,75,13.87,PF,1597552042
